INSERT INTO bill (id, total_amount, client_rfc) VALUES
    ('b-1', 8101.76, 'ERT655687JHY'),
    ('b-2', 4301.88, 'AZ45NM78BC79'),
    ('b-3', 8101.76, 'PXLSO9382228'),
    ('b-4', 8101.76, 'ST655687JHY7'),
    ('b-5', 4301.88, 'RC45NM78BC79'),
    ('b-6', 8101.76, 'JRT655687JHY'),
    ('b-7', 4301.88, 'AK45NM78BC72'),
    ('b-8', 8101.76, 'PMOON9382221'),
    ('b-9', 6789.45, 'XYZP8765432Q'),
    ('b-10', 2345.67, 'LMNO9876543R'),
    ('b-11', 9876.54, 'ABCD1234567S'),
    ('b-12', 7654.32, 'EFGH5678901T'),
    ('b-13', 3456.78, 'IJKL9012345U'),
    ('b-14', 8765.43, 'MNOP2345678V'),
    ('b-15', 5432.10, 'QRST6789012W'),
    ('b-16', 6543.21, 'UVWX0123456X');

INSERT INTO orders (created_at, client_name, id_bill) VALUES
    (NOW(), 'Ronda Rousey', 'b-1'),
    (NOW(), 'Amanda Nunes', 'b-2'),
    (NOW(), 'Conor McGregor', 'b-3'),
    (NOW(), 'Jon Jones', 'b-4'),
    (NOW(), 'Cody Garbrandt', 'b-5'),
    (NOW(), 'Dominick Cruz', 'b-6'),
    (NOW(), 'Demetrious Johnson', 'b-7'),
    (NOW(), 'Daniel Cormier', 'b-8'),
    (NOW(), 'Khabib Nurmagomedov', 'b-9'),
    (NOW(), 'Israel Adesanya', 'b-10'),
    (NOW(), 'Stipe Miocic', 'b-11'),
    (NOW(), 'Kamaru Usman', 'b-12'),
    (NOW(), 'Dustin Poirier', 'b-13'),
    (NOW(), 'Max Holloway', 'b-14'),
    (NOW(), 'Robert Whittaker', 'b-15'),
    (NOW(), 'Tony Ferguson', 'b-16');

INSERT INTO products_catalog (launching_date, brand_name, product_name, description, price, rating, is_discount) VALUES
    (random_date(3000), 'ESP', 'Guitarra electrica - home', 'Is a guitar for home', 3400.99, 10, FALSE),
    (random_date(3000), 'Fender', 'Bajo electrico  - home', 'Is a bass for home', 3200.99, 6, TRUE),
    (random_date(3000), 'Pearl', 'Bateria - home', 'Is a drums for home', 6800.89, 5, FALSE),
    (random_date(3000), 'Apple', 'Macbook air', 'Is a pc for home', 4700.77, 7, FALSE),
    (random_date(3000), 'Apple', 'Macbook pro', 'Is a pc - office', 4700.77, 7, TRUE),
    (random_date(3000), 'LG', 'TV 65', 'tv for home', 900.89, 8, FALSE),
    (random_date(3000), 'LG', 'TV 75', 'tv for home', 1000.89, 2, FALSE),
    (random_date(3000), 'Samsung', 'Monitor 27', 'monitor for home and office', 200.89, 9, FALSE),
    (random_date(3000), 'Samsung', 'Monitor 24', 'monitor for home and office', 99.89, 10, TRUE),
    (random_date(3000), 'Desktop', 'Desktop for pc', 'for office', 209.21, 8, FALSE),
    (random_date(3000), 'Amazon', 'Alexa small', 'for enjoy in  home and office', 500.89, 1, TRUE),
    (random_date(3000), 'Amazon', 'Alexa medium', 'for enjoy in  home and office', 650.89, 5, FALSE),
    (random_date(3000), 'Amazon', 'Alexa large', 'for enjoy in  home and office', 900.89, 10, FALSE),
    (random_date(3000), 'Lenovo', 'Pc gamer', 'pc for home', 7000.89, 10, FALSE),
    (random_date(3000), 'Lenovo', 'Pc office', 'pc for office', 6500.89, 3, TRUE),
    (random_date(3000), 'Lenovo', 'Pc student', 'pc for home', 2000.89, 10, FALSE),
    (random_date(3000), 'Amazon', 'Alexa super', 'for enjoy in  home and office', 200.89, 4, TRUE),
    (random_date(3000), 'Lenovo', 'Pc gamer max', 'pc for home', 7000.89, 4, FALSE),
    (random_date(3000), 'Lenovo', 'Pc office max', 'pc for office', 6500.89, 6, FALSE),
    (random_date(3000), 'Lenovo', 'Pc student max', 'pc for home and office', 2000.89, 2, FALSE),
    (random_date(3000), 'Fresh', 'Air-conditioning 70', 'for home', 4400.34, 7, FALSE),
    (random_date(3000), 'Fresh', 'Air-conditioning 80', 'pc for home and office', 5500.57, 9, FALSE),
    (random_date(3000), 'Microsoft', 'office home', 'for enjoy in  home', 100.00, 10, FALSE),
    (random_date(3000), 'Microsoft', 'office pro', 'for enjoy in  office', 180.00, 5, TRUE),
    (random_date(3000), 'Microsoft', 'xbox series s', 'console for home', 1500.89, 5, FALSE),
    (random_date(3000), 'Microsoft', 'xbox series x', 'console for home', 1900.89, 10, FALSE),
    (random_date(3000), 'Sony', 'PS-5', 'console for home', 1800.89, 9, FALSE),
    (random_date(3000), 'Nike', 'backpack N', 'pc for home and office', 30.57, 9, FALSE),
    (random_date(3000), 'Puma', 'backpack P', 'for enjoy in home and office', 40.20, 10, FALSE),
    (random_date(3000), 'Adidas', 'backpack A', 'for enjoy in  office and home', 23.00, 5, TRUE),
    (random_date(3000), 'Champion', 'backpack c', 'for office nad home', 16.89, 5, FALSE),
    (random_date(3000), 'Nintendo', 'Switch', 'console for home', 1100.89, 8, FALSE),
    (random_date(3000), 'Gibson', 'Guitarra acústica - home', 'Guitar for home', 2800.99, 9, FALSE),
    (random_date(3000), 'Yamaha', 'Piano digital - home', 'For home', 4500.89, 8, TRUE),
    (random_date(3000), 'Roland', 'Batería electrónica - home', 'Drums home', 5200.79, 7, FALSE),
    (random_date(3000), 'Dell', 'Laptop Inspiron', 'home', 3900.67, 6, FALSE),
    (random_date(3000), 'HP', 'Laptop Pavilion', 'office', 4100.89, 7, TRUE),
    (random_date(3000), 'Samsung', 'TV QLED 55"', 'TV home', 1200.99, 9, FALSE),
    (random_date(3000), 'Sony', 'TV OLED 65"', 'TV office', 2500.79, 10, FALSE),
    (random_date(3000), 'BenQ', 'Monitor 32"', 'home and office', 300.89, 8, FALSE),
    (random_date(3000), 'Asus', 'Monitor 27" Gamer', 'home and office', 450.99, 9, TRUE),
    (random_date(3000), 'HP', 'PC de escritorio', 'PC for office', 455.99, 9, TRUE);


INSERT INTO categories (code, description) VALUES
    ('HOME', 'for home'),
    ('OFFICE', 'for office');